[
  { "title": "Data-led teams", "archetypes": ["Thinker", "Organizer"], "subdims": ["Investigative Curiosity", "Order & Systems Orientation", "Task Focus & Detail", "Structure & Clarity Preference"] },
  { "title": "Creative studios & labs", "archetypes": ["Creator", "Explorer"], "subdims": ["Creative Expression", "Hands-On Engagement", "Novelty & Variety Seeking"] },
  { "title": "Client-facing, collaborative settings", "archetypes": ["Connector", "Achiever"], "subdims": ["Belonging & Connection", "Extraversion/Sociability", "Recognition & Visibility"] },
  { "title": "Structured corporate/finance", "archetypes": ["Organizer", "Achiever"], "subdims": ["Structure & Clarity Preference", "Order & Systems Orientation", "Security & Predictability"] },
  { "title": "Research & analysis labs", "archetypes": ["Thinker", "Visionary"], "subdims": ["Investigative Curiosity", "Autonomy & Control", "Purpose & Impact"] },
  { "title": "Startups & innovation hubs", "archetypes": ["Visionary", "Explorer", "Achiever"], "subdims": ["Risk Tolerance", "Autonomy & Control", "Pace & Intensity Preference"] },
  { "title": "Field-based/outdoor projects", "archetypes": ["Explorer"], "subdims": ["Hands-On Engagement", "Risk Tolerance", "Novelty & Variety Seeking"] },
  { "title": "Social impact & care settings", "archetypes": ["Connector", "Visionary"], "subdims": ["Helping Orientation", "Belonging & Connection", "Purpose & Impact"] },
  { "title": "Highly regulated/precision environments", "archetypes": ["Organizer", "Thinker"], "subdims": ["Security & Predictability", "Structure & Clarity Preference", "Order & Systems Orientation"] },
  { "title": "Hybrid/remote autonomous work", "archetypes": ["Thinker", "Creator"], "subdims": ["Autonomy & Control", "Structure & Clarity Preference", "Task Focus & Detail"] },
  { "title": "High-growth commercial teams", "archetypes": ["Achiever", "Connector"], "subdims": ["Pace & Intensity Preference", "Recognition & Visibility", "Extraversion/Sociability"] },
  { "title": "Cross-disciplinary project squads", "archetypes": ["Visionary", "Connector", "Creator"], "subdims": ["Systems Thinking", "Belonging & Connection", "Creative Expression"] },
  { "title": "Manufacturing & operations floors", "archetypes": ["Organizer", "Explorer"], "subdims": ["Hands-On Engagement", "Order & Systems Orientation", "Task Focus & Detail"] },
  { "title": "Public sector & policy units", "archetypes": ["Organizer", "Thinker", "Visionary"], "subdims": ["Structure & Clarity Preference", "Purpose & Impact", "Order & Systems Orientation"] },
  { "title": "Education & training settings", "archetypes": ["Connector", "Visionary"], "subdims": ["Helping Orientation", "Belonging & Connection", "Purpose & Impact"] },
  { "title": "Media & content production", "archetypes": ["Creator", "Connector"], "subdims": ["Creative Expression", "Recognition & Visibility", "Communication"] },
  { "title": "Entrepreneurial solo/portfolio work", "archetypes": ["Visionary", "Creator"], "subdims": ["Autonomy & Control", "Risk Tolerance", "Novelty & Variety Seeking"] },
  { "title": "Healthcare & clinical teams", "archetypes": ["Connector", "Organizer"], "subdims": ["Helping Orientation", "Structure & Clarity Preference", "Security & Predictability"] },
  { "title": "Legal/compliance offices", "archetypes": ["Organizer", "Thinker"], "subdims": ["Structure & Clarity Preference", "Order & Systems Orientation", "Security & Predictability"] },
  { "title": "Sustainability & field research units", "archetypes": ["Explorer", "Thinker"], "subdims": ["Investigative Curiosity", "Hands-On Engagement", "Purpose & Impact"] }
]
