[
  {
    "fit_area": "AI & Data in Business",
    "classic": [
      { "title": "Data Analyst", "archetypes": ["Thinker", "Organizer"], "subdims": ["Investigative Curiosity", "Task Focus & Detail", "Order & Systems Orientation"] },
      { "title": "Business Intelligence Analyst", "archetypes": ["Thinker", "Organizer"], "subdims": ["Investigative Curiosity", "Order & Systems Orientation", "Structure & Clarity Preference"] },
      { "title": "Data Engineer", "archetypes": ["Thinker", "Organizer"], "subdims": ["Systems Thinking", "Hands-On Engagement", "Task Focus & Detail"] },
      { "title": "Quantitative Analyst", "archetypes": ["Thinker", "Achiever"], "subdims": ["Investigative Curiosity", "Task Focus & Detail", "Pace & Intensity Preference"] },
      { "title": "Reporting & Insights Specialist", "archetypes": ["Organizer", "Thinker"], "subdims": ["Structure & Clarity Preference", "Task Focus & Detail", "Order & Systems Orientation"] },
      { "title": "Risk/Data Governance Analyst", "archetypes": ["Organizer", "Thinker"], "subdims": ["Security & Predictability", "Structure & Clarity Preference", "Order & Systems Orientation"] },
      { "title": "Market Research Analyst", "archetypes": ["Thinker", "Connector"], "subdims": ["Investigative Curiosity", "Communication", "Task Focus & Detail"] },
      { "title": "Operations Data Analyst", "archetypes": ["Organizer", "Thinker"], "subdims": ["Order & Systems Orientation", "Task Focus & Detail", "Structure & Clarity Preference"] }
    ],
    "emerging": [
      { "title": "AI Product Strategist", "archetypes": ["Visionary", "Thinker", "Achiever"], "subdims": ["Systems Thinking", "Purpose & Impact", "Pace & Intensity Preference"] },
      { "title": "Machine Learning Engineer", "archetypes": ["Thinker", "Creator"], "subdims": ["Systems Thinking", "Hands-On Engagement", "Investigative Curiosity"] },
      { "title": "Data Scientist", "archetypes": ["Thinker", "Visionary"], "subdims": ["Investigative Curiosity", "Systems Thinking", "Autonomy & Control"] },
      { "title": "MLOps Engineer", "archetypes": ["Organizer", "Thinker"], "subdims": ["Order & Systems Orientation", "Structure & Clarity Preference", "Hands-On Engagement"] },
      { "title": "AI Governance & Risk Analyst", "archetypes": ["Organizer", "Thinker"], "subdims": ["Security & Predictability", "Structure & Clarity Preference", "Purpose & Impact"] },
      { "title": "GenAI Prompt Engineer", "archetypes": ["Creator", "Thinker"], "subdims": ["Creative Expression", "Investigative Curiosity", "Systems Thinking"] },
      { "title": "Responsible AI Specialist", "archetypes": ["Visionary", "Organizer"], "subdims": ["Purpose & Impact", "Security & Predictability", "Structure & Clarity Preference"] },
      { "title": "Analytics Translator", "archetypes": ["Connector", "Thinker"], "subdims": ["Communication", "Investigative Curiosity", "Order & Systems Orientation"] }
    ]
  },
  {
    "fit_area": "Product Management (Tech)",
    "classic": [
      { "title": "Product Manager", "archetypes": ["Achiever", "Visionary", "Thinker"], "subdims": ["Order & Systems Orientation", "Pace & Intensity Preference", "Purpose & Impact"] },
      { "title": "Technical Product Manager", "archetypes": ["Thinker", "Achiever"], "subdims": ["Systems Thinking", "Task Focus & Detail", "Structure & Clarity Preference"] },
      { "title": "Business Analyst", "archetypes": ["Thinker", "Achiever"], "subdims": ["Investigative Curiosity", "Task Focus & Detail", "Order & Systems Orientation"] },
      { "title": "Project Manager (Tech)", "archetypes": ["Organizer", "Achiever"], "subdims": ["Structure & Clarity Preference", "Order & Systems Orientation", "Task Focus & Detail"] },
      { "title": "Product Marketing Manager", "archetypes": ["Achiever", "Creator", "Connector"], "subdims": ["Recognition & Visibility", "Creative Expression", "Extraversion/Sociability"] },
      { "title": "Scrum Master", "archetypes": ["Organizer", "Connector"], "subdims": ["Structure & Clarity Preference", "Belonging & Connection", "Order & Systems Orientation"] },
      { "title": "Program Manager", "archetypes": ["Organizer", "Achiever"], "subdims": ["Order & Systems Orientation", "Structure & Clarity Preference", "Pace & Intensity Preference"] },
      { "title": "Solutions Consultant", "archetypes": ["Connector", "Thinker"], "subdims": ["Communication", "Investigative Curiosity", "Systems Thinking"] }
    ],
    "emerging": [
      { "title": "AI Product Manager", "archetypes": ["Visionary", "Thinker", "Achiever"], "subdims": ["Systems Thinking", "Purpose & Impact", "Pace & Intensity Preference"] },
      { "title": "Growth Product Manager", "archetypes": ["Achiever", "Connector"], "subdims": ["Pace & Intensity Preference", "Recognition & Visibility", "Extraversion/Sociability"] },
      { "title": "Platform Product Manager", "archetypes": ["Thinker", "Organizer"], "subdims": ["Systems Thinking", "Order & Systems Orientation", "Structure & Clarity Preference"] },
      { "title": "Product Operations Lead", "archetypes": ["Organizer", "Achiever"], "subdims": ["Structure & Clarity Preference", "Order & Systems Orientation", "Task Focus & Detail"] },
      { "title": "Product Analytics Lead", "archetypes": ["Thinker", "Achiever"], "subdims": ["Investigative Curiosity", "Task Focus & Detail", "Order & Systems Orientation"] },
      { "title": "Technical Program Manager (AI)", "archetypes": ["Organizer", "Achiever", "Thinker"], "subdims": ["Order & Systems Orientation", "Systems Thinking", "Pace & Intensity Preference"] },
      { "title": "User Research Ops Lead", "archetypes": ["Connector", "Organizer"], "subdims": ["Belonging & Connection", "Structure & Clarity Preference", "Communication"] },
      { "title": "Platform Partnerships Manager", "archetypes": ["Connector", "Achiever"], "subdims": ["Extraversion/Sociability", "Recognition & Visibility", "Order & Systems Orientation"] }
    ]
  },
  {
    "fit_area": "Strategy & Consulting",
    "classic": [
      { "title": "Strategy Analyst", "archetypes": ["Thinker", "Achiever"], "subdims": ["Investigative Curiosity", "Task Focus & Detail", "Pace & Intensity Preference"] },
      { "title": "Management Consultant", "archetypes": ["Thinker", "Achiever", "Connector"], "subdims": ["Investigative Curiosity", "Extraversion/Sociability", "Pace & Intensity Preference"] },
      { "title": "Operations Consultant", "archetypes": ["Organizer", "Thinker"], "subdims": ["Order & Systems Orientation", "Structure & Clarity Preference", "Task Focus & Detail"] },
      { "title": "Financial/Deal Advisory Analyst", "archetypes": ["Achiever", "Thinker"], "subdims": ["Task Focus & Detail", "Pace & Intensity Preference", "Structure & Clarity Preference"] },
      { "title": "Policy Analyst", "archetypes": ["Thinker", "Visionary", "Organizer"], "subdims": ["Purpose & Impact", "Structure & Clarity Preference", "Order & Systems Orientation"] },
      { "title": "Change Management Consultant", "archetypes": ["Connector", "Organizer"], "subdims": ["Belonging & Connection", "Structure & Clarity Preference", "Communication"] },
      { "title": "Customer Insights Analyst", "archetypes": ["Thinker", "Connector"], "subdims": ["Investigative Curiosity", "Communication", "Order & Systems Orientation"] },
      { "title": "PMO Analyst", "archetypes": ["Organizer", "Achiever"], "subdims": ["Structure & Clarity Preference", "Order & Systems Orientation", "Task Focus & Detail"] }
    ],
    "emerging": [
      { "title": "AI Strategy Consultant", "archetypes": ["Visionary", "Thinker", "Achiever"], "subdims": ["Systems Thinking", "Purpose & Impact", "Pace & Intensity Preference"] },
      { "title": "Sustainability/ESG Consultant", "archetypes": ["Visionary", "Thinker", "Connector"], "subdims": ["Purpose & Impact", "Investigative Curiosity", "Belonging & Connection"] },
      { "title": "Digital Transformation Consultant", "archetypes": ["Visionary", "Achiever", "Thinker"], "subdims": ["Systems Thinking", "Pace & Intensity Preference", "Purpose & Impact"] },
      { "title": "Service Design Consultant", "archetypes": ["Creator", "Connector"], "subdims": ["Creative Expression", "Helping Orientation", "Communication"] },
      { "title": "Data Strategy Consultant", "archetypes": ["Thinker", "Organizer"], "subdims": ["Investigative Curiosity", "Order & Systems Orientation", "Structure & Clarity Preference"] },
      { "title": "Org Design Consultant", "archetypes": ["Organizer", "Visionary"], "subdims": ["Structure & Clarity Preference", "Purpose & Impact", "Order & Systems Orientation"] },
      { "title": "Cloud Strategy Consultant", "archetypes": ["Thinker", "Organizer"], "subdims": ["Systems Thinking", "Order & Systems Orientation", "Structure & Clarity Preference"] },
      { "title": "Change Analytics Specialist", "archetypes": ["Thinker", "Organizer"], "subdims": ["Investigative Curiosity", "Order & Systems Orientation", "Task Focus & Detail"] }
    ]
  },
  {
    "fit_area": "UX & Human-centred Design",
    "classic": [
      { "title": "UX Researcher", "archetypes": ["Connector", "Thinker"], "subdims": ["Helping Orientation", "Investigative Curiosity", "Communication"] },
      { "title": "UX Designer", "archetypes": ["Creator", "Connector"], "subdims": ["Creative Expression", "Helping Orientation", "Autonomy & Control"] },
      { "title": "UI Designer", "archetypes": ["Creator"], "subdims": ["Creative Expression", "Task Focus & Detail", "Recognition & Visibility"] },
      { "title": "Service Designer", "archetypes": ["Creator", "Connector"], "subdims": ["Creative Expression", "Helping Orientation", "Systems Thinking"] },
      { "title": "Content Designer", "archetypes": ["Creator", "Connector"], "subdims": ["Creative Expression", "Communication", "Helping Orientation"] },
      { "title": "Interaction Designer", "archetypes": ["Creator", "Thinker"], "subdims": ["Creative Expression", "Systems Thinking", "Task Focus & Detail"] },
      { "title": "Design Researcher", "archetypes": ["Thinker", "Creator"], "subdims": ["Investigative Curiosity", "Creative Expression", "Communication"] },
      { "title": "Information Architect", "archetypes": ["Thinker", "Organizer"], "subdims": ["Systems Thinking", "Order & Systems Orientation", "Structure & Clarity Preference"] }
    ],
    "emerging": [
      { "title": "UX Writer", "archetypes": ["Creator", "Connector"], "subdims": ["Creative Expression", "Communication", "Helping Orientation"] },
      { "title": "Design Systems Designer", "archetypes": ["Creator", "Organizer"], "subdims": ["Creative Expression", "Order & Systems Orientation", "Task Focus & Detail"] },
      { "title": "Human-AI Interaction Designer", "archetypes": ["Creator", "Thinker", "Visionary"], "subdims": ["Creative Expression", "Systems Thinking", "Investigative Curiosity"] },
      { "title": "Accessibility Specialist", "archetypes": ["Connector", "Organizer"], "subdims": ["Helping Orientation", "Structure & Clarity Preference", "Task Focus & Detail"] },
      { "title": "Customer Experience (CX) Strategist", "archetypes": ["Connector", "Achiever", "Creator"], "subdims": ["Extraversion/Sociability", "Recognition & Visibility", "Creative Expression"] },
      { "title": "Voice/UI Conversation Designer", "archetypes": ["Creator", "Thinker"], "subdims": ["Creative Expression", "Communication", "Systems Thinking"] },
      { "title": "Design Ops Lead", "archetypes": ["Organizer", "Creator"], "subdims": ["Order & Systems Orientation", "Structure & Clarity Preference", "Task Focus & Detail"] },
      { "title": "AR/VR Experience Designer", "archetypes": ["Creator", "Explorer"], "subdims": ["Creative Expression", "Hands-On Engagement", "Novelty & Variety Seeking"] }
    ]
  },
  {
    "fit_area": "Finance & FinTech",
    "classic": [
      { "title": "Financial Analyst", "archetypes": ["Thinker", "Achiever"], "subdims": ["Task Focus & Detail", "Investigative Curiosity", "Pace & Intensity Preference"] },
      { "title": "Corporate Finance Analyst", "archetypes": ["Achiever", "Thinker"], "subdims": ["Pace & Intensity Preference", "Task Focus & Detail", "Order & Systems Orientation"] },
      { "title": "Risk Analyst", "archetypes": ["Organizer", "Thinker"], "subdims": ["Security & Predictability", "Structure & Clarity Preference", "Order & Systems Orientation"] },
      { "title": "Compliance Analyst", "archetypes": ["Organizer", "Thinker"], "subdims": ["Security & Predictability", "Structure & Clarity Preference", "Task Focus & Detail"] },
      { "title": "Operations/Trade Support Analyst", "archetypes": ["Organizer", "Achiever"], "subdims": ["Order & Systems Orientation", "Task Focus & Detail", "Structure & Clarity Preference"] },
      { "title": "Equity Research Associate", "archetypes": ["Thinker", "Achiever"], "subdims": ["Investigative Curiosity", "Task Focus & Detail", "Communication"] },
      { "title": "Treasury Analyst", "archetypes": ["Organizer", "Thinker"], "subdims": ["Security & Predictability", "Order & Systems Orientation", "Structure & Clarity Preference"] },
      { "title": "Internal Auditor", "archetypes": ["Organizer", "Thinker"], "subdims": ["Structure & Clarity Preference", "Task Focus & Detail", "Security & Predictability"] }
    ],
    "emerging": [
      { "title": "FinTech Product Manager", "archetypes": ["Achiever", "Visionary", "Thinker"], "subdims": ["Systems Thinking", "Pace & Intensity Preference", "Purpose & Impact"] },
      { "title": "Quant Developer", "archetypes": ["Thinker", "Creator"], "subdims": ["Systems Thinking", "Investigative Curiosity", "Hands-On Engagement"] },
      { "title": "Blockchain Analyst", "archetypes": ["Visionary", "Thinker"], "subdims": ["Risk Tolerance", "Investigative Curiosity", "Autonomy & Control"] },
      { "title": "Data Scientist (Finance)", "archetypes": ["Thinker", "Achiever"], "subdims": ["Investigative Curiosity", "Task Focus & Detail", "Systems Thinking"] },
      { "title": "ESG Analytics Specialist", "archetypes": ["Visionary", "Thinker"], "subdims": ["Purpose & Impact", "Investigative Curiosity", "Structure & Clarity Preference"] },
      { "title": "Financial Crime Analyst", "archetypes": ["Organizer", "Thinker"], "subdims": ["Security & Predictability", "Order & Systems Orientation", "Task Focus & Detail"] },
      { "title": "Payments Operations Lead", "archetypes": ["Organizer", "Achiever"], "subdims": ["Order & Systems Orientation", "Structure & Clarity Preference", "Pace & Intensity Preference"] },
      { "title": "DeFi Risk Analyst", "archetypes": ["Visionary", "Thinker"], "subdims": ["Risk Tolerance", "Systems Thinking", "Investigative Curiosity"] }
    ]
  },
  {
    "fit_area": "Sustainable Business & ESG",
    "classic": [
      { "title": "Sustainability Analyst", "archetypes": ["Thinker", "Visionary"], "subdims": ["Purpose & Impact", "Investigative Curiosity", "Structure & Clarity Preference"] },
      { "title": "CSR/Impact Officer", "archetypes": ["Connector", "Visionary"], "subdims": ["Belonging & Connection", "Purpose & Impact", "Recognition & Visibility"] },
      { "title": "Environmental Consultant", "archetypes": ["Thinker", "Explorer"], "subdims": ["Investigative Curiosity", "Hands-On Engagement", "Risk Tolerance"] },
      { "title": "Sustainable Supply Chain Analyst", "archetypes": ["Organizer", "Thinker"], "subdims": ["Order & Systems Orientation", "Structure & Clarity Preference", "Task Focus & Detail"] },
      { "title": "ESG Reporting Specialist", "archetypes": ["Organizer", "Thinker"], "subdims": ["Structure & Clarity Preference", "Task Focus & Detail", "Security & Predictability"] },
      { "title": "Energy Efficiency Analyst", "archetypes": ["Thinker", "Organizer"], "subdims": ["Investigative Curiosity", "Order & Systems Orientation", "Task Focus & Detail"] },
      { "title": "Community Engagement Officer", "archetypes": ["Connector"], "subdims": ["Belonging & Connection", "Helping Orientation", "Communication"] },
      { "title": "Sustainability Communications Officer", "archetypes": ["Creator", "Connector"], "subdims": ["Creative Expression", "Recognition & Visibility", "Communication"] }
    ],
    "emerging": [
      { "title": "Climate Risk Analyst", "archetypes": ["Thinker", "Visionary"], "subdims": ["Investigative Curiosity", "Purpose & Impact", "Systems Thinking"] },
      { "title": "Carbon Accounting Specialist", "archetypes": ["Organizer", "Thinker"], "subdims": ["Structure & Clarity Preference", "Task Focus & Detail", "Order & Systems Orientation"] },
      { "title": "Sustainable Product Manager", "archetypes": ["Visionary", "Achiever", "Organizer"], "subdims": ["Purpose & Impact", "Order & Systems Orientation", "Pace & Intensity Preference"] },
      { "title": "ESG Data Engineer", "archetypes": ["Thinker", "Organizer"], "subdims": ["Systems Thinking", "Order & Systems Orientation", "Task Focus & Detail"] },
      { "title": "Circular Economy Strategist", "archetypes": ["Visionary", "Thinker", "Creator"], "subdims": ["Purpose & Impact", "Systems Thinking", "Creative Expression"] },
      { "title": "Sustainable Finance Analyst", "archetypes": ["Thinker", "Achiever"], "subdims": ["Investigative Curiosity", "Task Focus & Detail", "Purpose & Impact"] },
      { "title": "Biodiversity Analyst", "archetypes": ["Explorer", "Thinker"], "subdims": ["Hands-On Engagement", "Investigative Curiosity", "Purpose & Impact"] },
      { "title": "Responsible Procurement Lead", "archetypes": ["Organizer", "Connector"], "subdims": ["Order & Systems Orientation", "Belonging & Connection", "Structure & Clarity Preference"] }
    ]
  },
  {
    "fit_area": "Operations & Supply Chain",
    "classic": [
      { "title": "Operations Analyst", "archetypes": ["Organizer", "Thinker"], "subdims": ["Order & Systems Orientation", "Task Focus & Detail", "Structure & Clarity Preference"] },
      { "title": "Supply Chain Planner", "archetypes": ["Organizer", "Thinker"], "subdims": ["Order & Systems Orientation", "Structure & Clarity Preference", "Task Focus & Detail"] },
      { "title": "Logistics Coordinator", "archetypes": ["Organizer", "Achiever"], "subdims": ["Order & Systems Orientation", "Pace & Intensity Preference", "Structure & Clarity Preference"] },
      { "title": "Quality Assurance Specialist", "archetypes": ["Organizer", "Thinker"], "subdims": ["Structure & Clarity Preference", "Task Focus & Detail", "Security & Predictability"] },
      { "title": "Process Improvement Analyst", "archetypes": ["Thinker", "Organizer"], "subdims": ["Systems Thinking", "Order & Systems Orientation", "Task Focus & Detail"] },
      { "title": "Procurement Analyst", "archetypes": ["Organizer", "Thinker"], "subdims": ["Order & Systems Orientation", "Task Focus & Detail", "Communication"] },
      { "title": "Production Scheduler", "archetypes": ["Organizer"], "subdims": ["Structure & Clarity Preference", "Order & Systems Orientation", "Task Focus & Detail"] },
      { "title": "Warehouse Operations Lead", "archetypes": ["Organizer", "Achiever"], "subdims": ["Order & Systems Orientation", "Task Focus & Detail", "Pace & Intensity Preference"] }
    ],
    "emerging": [
      { "title": "Supply Chain Data Scientist", "archetypes": ["Thinker", "Organizer"], "subdims": ["Investigative Curiosity", "Systems Thinking", "Order & Systems Orientation"] },
      { "title": "Automation/Robotics Coordinator", "archetypes": ["Creator", "Organizer"], "subdims": ["Hands-On Engagement", "Order & Systems Orientation", "Task Focus & Detail"] },
      { "title": "Sustainable Supply Chain Lead", "archetypes": ["Organizer", "Visionary"], "subdims": ["Purpose & Impact", "Order & Systems Orientation", "Structure & Clarity Preference"] },
      { "title": "Digital Twin Analyst", "archetypes": ["Thinker", "Creator"], "subdims": ["Systems Thinking", "Hands-On Engagement", "Investigative Curiosity"] },
      { "title": "Last-mile Optimisation Lead", "archetypes": ["Organizer", "Achiever"], "subdims": ["Order & Systems Orientation", "Pace & Intensity Preference", "Task Focus & Detail"] },
      { "title": "Inventory Analytics Lead", "archetypes": ["Thinker", "Organizer"], "subdims": ["Investigative Curiosity", "Order & Systems Orientation", "Structure & Clarity Preference"] },
      { "title": "Supplier Risk Analyst", "archetypes": ["Organizer", "Thinker"], "subdims": ["Security & Predictability", "Order & Systems Orientation", "Task Focus & Detail"] },
      { "title": "Operations Research Scientist", "archetypes": ["Thinker"], "subdims": ["Systems Thinking", "Investigative Curiosity", "Task Focus & Detail"] }
    ]
  },
  {
    "fit_area": "Marketing & Brand",
    "classic": [
      { "title": "Marketing Executive", "archetypes": ["Achiever", "Connector", "Creator"], "subdims": ["Recognition & Visibility", "Extraversion/Sociability", "Creative Expression"] },
      { "title": "Brand Executive", "archetypes": ["Creator", "Achiever"], "subdims": ["Creative Expression", "Recognition & Visibility", "Communication"] },
      { "title": "Content Marketer", "archetypes": ["Creator", "Connector"], "subdims": ["Creative Expression", "Communication", "Helping Orientation"] },
      { "title": "Market Researcher", "archetypes": ["Thinker", "Connector"], "subdims": ["Investigative Curiosity", "Communication", "Task Focus & Detail"] },
      { "title": "Performance Marketing Analyst", "archetypes": ["Achiever", "Thinker"], "subdims": ["Pace & Intensity Preference", "Task Focus & Detail", "Investigative Curiosity"] },
      { "title": "Social Media Coordinator", "archetypes": ["Creator", "Connector"], "subdims": ["Creative Expression", "Recognition & Visibility", "Extraversion/Sociability"] },
      { "title": "Events Coordinator", "archetypes": ["Connector", "Achiever"], "subdims": ["Belonging & Connection", "Pace & Intensity Preference", "Recognition & Visibility"] },
      { "title": "PR Executive", "archetypes": ["Connector", "Creator"], "subdims": ["Communication", "Recognition & Visibility", "Creative Expression"] }
    ],
    "emerging": [
      { "title": "Growth Marketer", "archetypes": ["Achiever", "Connector"], "subdims": ["Pace & Intensity Preference", "Recognition & Visibility", "Extraversion/Sociability"] },
      { "title": "Product Marketing Manager", "archetypes": ["Achiever", "Creator", "Connector"], "subdims": ["Recognition & Visibility", "Creative Expression", "Communication"] },
      { "title": "Influencer Partnerships Manager", "archetypes": ["Connector", "Achiever"], "subdims": ["Extraversion/Sociability", "Recognition & Visibility", "Communication"] },
      { "title": "Marketing Data Scientist", "archetypes": ["Thinker", "Achiever"], "subdims": ["Investigative Curiosity", "Task Focus & Detail", "Systems Thinking"] },
      { "title": "Community Manager", "archetypes": ["Connector"], "subdims": ["Belonging & Connection", "Communication", "Recognition & Visibility"] },
      { "title": "Brand Strategist", "archetypes": ["Visionary", "Creator"], "subdims": ["Systems Thinking", "Creative Expression", "Purpose & Impact"] },
      { "title": "SEO/Content Strategist", "archetypes": ["Thinker", "Creator"], "subdims": ["Investigative Curiosity", "Creative Expression", "Task Focus & Detail"] },
      { "title": "Marketing Ops Lead", "archetypes": ["Organizer", "Achiever"], "subdims": ["Order & Systems Orientation", "Structure & Clarity Preference", "Pace & Intensity Preference"] }
    ]
  },
  {
    "fit_area": "Healthcare & Wellbeing",
    "classic": [
      { "title": "Healthcare Assistant", "archetypes": ["Connector", "Organizer"], "subdims": ["Helping Orientation", "Belonging & Connection", "Structure & Clarity Preference"] },
      { "title": "Physiotherapy Assistant", "archetypes": ["Connector", "Explorer"], "subdims": ["Helping Orientation", "Hands-On Engagement", "Belonging & Connection"] },
      { "title": "Clinical Administrator", "archetypes": ["Organizer"], "subdims": ["Structure & Clarity Preference", "Order & Systems Orientation", "Security & Predictability"] },
      { "title": "Occupational Therapy Assistant", "archetypes": ["Connector"], "subdims": ["Helping Orientation", "Belonging & Connection", "Communication"] },
      { "title": "Pharmacy Technician", "archetypes": ["Organizer", "Thinker"], "subdims": ["Structure & Clarity Preference", "Task Focus & Detail", "Security & Predictability"] },
      { "title": "Mental Health Support Worker", "archetypes": ["Connector"], "subdims": ["Helping Orientation", "Belonging & Connection", "Purpose & Impact"] },
      { "title": "Public Health Assistant", "archetypes": ["Connector", "Thinker"], "subdims": ["Helping Orientation", "Investigative Curiosity", "Purpose & Impact"] },
      { "title": "Radiography Assistant", "archetypes": ["Organizer", "Explorer"], "subdims": ["Hands-On Engagement", "Structure & Clarity Preference", "Task Focus & Detail"] }
    ],
    "emerging": [
      { "title": "Digital Health Coordinator", "archetypes": ["Organizer", "Connector"], "subdims": ["Order & Systems Orientation", "Belonging & Connection", "Communication"] },
      { "title": "Health Data Analyst", "archetypes": ["Thinker", "Organizer"], "subdims": ["Investigative Curiosity", "Order & Systems Orientation", "Task Focus & Detail"] },
      { "title": "Clinical AI Specialist", "archetypes": ["Thinker", "Visionary"], "subdims": ["Systems Thinking", "Purpose & Impact", "Investigative Curiosity"] },
      { "title": "Patient Experience Lead", "archetypes": ["Connector", "Creator"], "subdims": ["Helping Orientation", "Communication", "Creative Expression"] },
      { "title": "Wellbeing Programme Manager", "archetypes": ["Connector", "Achiever"], "subdims": ["Belonging & Connection", "Pace & Intensity Preference", "Purpose & Impact"] },
      { "title": "Telehealth Operations Lead", "archetypes": ["Organizer", "Connector"], "subdims": ["Order & Systems Orientation", "Communication", "Structure & Clarity Preference"] },
      { "title": "Health Informatics Analyst", "archetypes": ["Thinker", "Organizer"], "subdims": ["Investigative Curiosity", "Order & Systems Orientation", "Structure & Clarity Preference"] },
      { "title": "Behavioural Health Coach (Digital)", "archetypes": ["Connector", "Creator"], "subdims": ["Helping Orientation", "Communication", "Creative Expression"] }
    ]
  },
  {
    "fit_area": "Education & EdTech",
    "classic": [
      { "title": "Learning Support Assistant", "archetypes": ["Connector"], "subdims": ["Helping Orientation", "Belonging & Connection", "Communication"] },
      { "title": "Education Administrator", "archetypes": ["Organizer"], "subdims": ["Structure & Clarity Preference", "Order & Systems Orientation", "Security & Predictability"] },
      { "title": "Outreach & Widening Participation Officer", "archetypes": ["Connector", "Visionary"], "subdims": ["Belonging & Connection", "Purpose & Impact", "Communication"] },
      { "title": "Instructional Designer (Foundations)", "archetypes": ["Creator", "Thinker"], "subdims": ["Creative Expression", "Systems Thinking", "Communication"] },
      { "title": "Assessment & QA Officer", "archetypes": ["Organizer", "Thinker"], "subdims": ["Structure & Clarity Preference", "Task Focus & Detail", "Order & Systems Orientation"] },
      { "title": "Student Experience Officer", "archetypes": ["Connector"], "subdims": ["Belonging & Connection", "Communication", "Recognition & Visibility"] },
      { "title": "Teaching Associate (UG Labs/Tutorials)", "archetypes": ["Connector", "Thinker"], "subdims": ["Helping Orientation", "Communication", "Investigative Curiosity"] },
      { "title": "Careers & Employability Assistant", "archetypes": ["Connector", "Achiever"], "subdims": ["Helping Orientation", "Communication", "Recognition & Visibility"] }
    ],
    "emerging": [
      { "title": "EdTech Product Manager", "archetypes": ["Achiever", "Visionary", "Connector"], "subdims": ["Purpose & Impact", "Pace & Intensity Preference", "Communication"] },
      { "title": "Learning Experience Designer", "archetypes": ["Creator", "Connector"], "subdims": ["Creative Expression", "Helping Orientation", "Communication"] },
      { "title": "Digital Assessment Specialist", "archetypes": ["Organizer", "Thinker"], "subdims": ["Structure & Clarity Preference", "Order & Systems Orientation", "Task Focus & Detail"] },
      { "title": "AI Tutoring Content Designer", "archetypes": ["Creator", "Thinker"], "subdims": ["Creative Expression", "Systems Thinking", "Communication"] },
      { "title": "Education Data Analyst", "archetypes": ["Thinker", "Organizer"], "subdims": ["Investigative Curiosity", "Order & Systems Orientation", "Task Focus & Detail"] },
      { "title": "School Partnerships Manager", "archetypes": ["Connector", "Achiever"], "subdims": ["Extraversion/Sociability", "Recognition & Visibility", "Belonging & Connection"] },
      { "title": "Learning Analytics Lead", "archetypes": ["Thinker", "Organizer"], "subdims": ["Investigative Curiosity", "Systems Thinking", "Order & Systems Orientation"] },
      { "title": "Accessibility & Inclusive Design Lead", "archetypes": ["Connector", "Organizer"], "subdims": ["Helping Orientation", "Structure & Clarity Preference", "Communication"] }
    ]
  },
  {
    "fit_area": "Entrepreneurship & Venture Creation",
    "classic": [
      { "title": "Founder/Co-founder (Early)", "archetypes": ["Visionary", "Achiever", "Explorer"], "subdims": ["Risk Tolerance", "Autonomy & Control", "Pace & Intensity Preference"] },
      { "title": "Venture Operations Lead", "archetypes": ["Organizer", "Achiever"], "subdims": ["Order & Systems Orientation", "Pace & Intensity Preference", "Structure & Clarity Preference"] },
      { "title": "Business Development Rep", "archetypes": ["Achiever", "Connector"], "subdims": ["Extraversion/Sociability", "Recognition & Visibility", "Pace & Intensity Preference"] },
      { "title": "Partnerships Manager", "archetypes": ["Connector", "Achiever"], "subdims": ["Extraversion/Sociability", "Recognition & Visibility", "Communication"] },
      { "title": "Product Designer (Early Stage)", "archetypes": ["Creator", "Explorer"], "subdims": ["Creative Expression", "Hands-On Engagement", "Novelty & Variety Seeking"] },
      { "title": "Generalist Analyst (Venture)", "archetypes": ["Thinker", "Achiever"], "subdims": ["Investigative Curiosity", "Task Focus & Detail", "Systems Thinking"] },
      { "title": "Community Lead", "archetypes": ["Connector"], "subdims": ["Belonging & Connection", "Recognition & Visibility", "Communication"] },
      { "title": "Operations Generalist", "archetypes": ["Organizer", "Achiever"], "subdims": ["Order & Systems Orientation", "Task Focus & Detail", "Pace & Intensity Preference"] }
    ],
    "emerging": [
      { "title": "Growth Lead", "archetypes": ["Achiever", "Connector"], "subdims": ["Pace & Intensity Preference", "Recognition & Visibility", "Extraversion/Sociability"] },
      { "title": "No-code/Low-code Developer", "archetypes": ["Creator", "Thinker"], "subdims": ["Hands-On Engagement", "Systems Thinking", "Task Focus & Detail"] },
      { "title": "AI Venture Builder", "archetypes": ["Visionary", "Thinker", "Creator"], "subdims": ["Systems Thinking", "Creative Expression", "Autonomy & Control"] },
      { "title": "Community-led Product Manager", "archetypes": ["Connector", "Achiever"], "subdims": ["Belonging & Connection", "Recognition & Visibility", "Pace & Intensity Preference"] },
      { "title": "Revenue Operations (RevOps) Lead", "archetypes": ["Organizer", "Achiever"], "subdims": ["Order & Systems Orientation", "Structure & Clarity Preference", "Pace & Intensity Preference"] },
      { "title": "Customer Success Architect", "archetypes": ["Connector", "Organizer"], "subdims": ["Helping Orientation", "Order & Systems Orientation", "Communication"] },
      { "title": "Venture Designer", "archetypes": ["Creator", "Visionary"], "subdims": ["Creative Expression", "Purpose & Impact", "Systems Thinking"] },
      { "title": "AI Automation Consultant (SMB)", "archetypes": ["Thinker", "Achiever"], "subdims": ["Systems Thinking", "Investigative Curiosity", "Pace & Intensity Preference"] }
    ]
  },
  {
    "fit_area": "Public Policy & Governance",
    "classic": [
      { "title": "Policy Assistant", "archetypes": ["Organizer", "Thinker"], "subdims": ["Structure & Clarity Preference", "Order & Systems Orientation", "Communication"] },
      { "title": "Parliamentary/Constituency Assistant", "archetypes": ["Connector", "Organizer"], "subdims": ["Belonging & Connection", "Communication", "Structure & Clarity Preference"] },
      { "title": "Civil Service Fast-Stream (Analyst)", "archetypes": ["Thinker", "Organizer"], "subdims": ["Investigative Curiosity", "Order & Systems Orientation", "Structure & Clarity Preference"] },
      { "title": "Regulatory Affairs Assistant", "archetypes": ["Organizer", "Thinker"], "subdims": ["Security & Predictability", "Structure & Clarity Preference", "Task Focus & Detail"] },
      { "title": "Public Affairs Executive", "archetypes": ["Connector", "Achiever"], "subdims": ["Extraversion/Sociability", "Recognition & Visibility", "Communication"] },
      { "title": "Local Government Analyst", "archetypes": ["Thinker", "Organizer"], "subdims": ["Investigative Curiosity", "Order & Systems Orientation", "Structure & Clarity Preference"] },
      { "title": "Grants & Programmes Officer", "archetypes": ["Organizer", "Connector"], "subdims": ["Structure & Clarity Preference", "Belonging & Connection", "Communication"] },
      { "title": "Compliance & Monitoring Officer", "archetypes": ["Organizer", "Thinker"], "subdims": ["Security & Predictability", "Structure & Clarity Preference", "Order & Systems Orientation"] }
    ],
    "emerging": [
      { "title": "Digital Policy Analyst", "archetypes": ["Thinker", "Visionary"], "subdims": ["Investigative Curiosity", "Systems Thinking", "Purpose & Impact"] },
      { "title": "AI Ethics & Governance Associate", "archetypes": ["Visionary", "Organizer", "Thinker"], "subdims": ["Purpose & Impact", "Security & Predictability", "Structure & Clarity Preference"] },
      { "title": "Open Data/Transparency Officer", "archetypes": ["Thinker", "Organizer"], "subdims": ["Investigative Curiosity", "Order & Systems Orientation", "Structure & Clarity Preference"] },
      { "title": "Civic Tech Product Manager", "archetypes": ["Visionary", "Achiever"], "subdims": ["Purpose & Impact", "Pace & Intensity Preference", "Systems Thinking"] },
      { "title": "Policy Evaluation Data Scientist", "archetypes": ["Thinker", "Organizer"], "subdims": ["Investigative Curiosity", "Systems Thinking", "Order & Systems Orientation"] },
      { "title": "Net Zero Policy Officer", "archetypes": ["Visionary", "Thinker"], "subdims": ["Purpose & Impact", "Investigative Curiosity", "Systems Thinking"] },
      { "title": "Digital Participation Lead", "archetypes": ["Connector", "Creator"], "subdims": ["Belonging & Connection", "Creative Expression", "Communication"] },
      { "title": "RegTech Analyst", "archetypes": ["Organizer", "Thinker"], "subdims": ["Security & Predictability", "Order & Systems Orientation", "Task Focus & Detail"] }
    ]
  },
  {
    "fit_area": "Environmental & Field Science",
    "classic": [
      { "title": "Field Technician", "archetypes": ["Explorer", "Thinker"], "subdims": ["Hands-On Engagement", "Investigative Curiosity", "Risk Tolerance"] },
      { "title": "Environmental Technician", "archetypes": ["Organizer", "Explorer"], "subdims": ["Hands-On Engagement", "Order & Systems Orientation", "Task Focus & Detail"] },
      { "title": "GIS Technician", "archetypes": ["Thinker", "Organizer"], "subdims": ["Systems Thinking", "Task Focus & Detail", "Order & Systems Orientation"] },
      { "title": "Lab Technician (Env.)", "archetypes": ["Thinker", "Organizer"], "subdims": ["Task Focus & Detail", "Structure & Clarity Preference", "Hands-On Engagement"] },
      { "title": "Conservation Assistant", "archetypes": ["Connector", "Explorer"], "subdims": ["Helping Orientation", "Hands-On Engagement", "Purpose & Impact"] },
      { "title": "Ecology Assistant", "archetypes": ["Explorer", "Thinker"], "subdims": ["Hands-On Engagement", "Investigative Curiosity", "Purpose & Impact"] },
      { "title": "Environmental Education Officer", "archetypes": ["Connector", "Visionary"], "subdims": ["Helping Orientation", "Communication", "Purpose & Impact"] },
      { "title": "Sustainability Field Coordinator", "archetypes": ["Organizer", "Explorer"], "subdims": ["Order & Systems Orientation", "Hands-On Engagement", "Structure & Clarity Preference"] }
    ],
    "emerging": [
      { "title": "Climate Data Analyst", "archetypes": ["Thinker", "Visionary"], "subdims": ["Investigative Curiosity", "Systems Thinking", "Purpose & Impact"] },
      { "title": "Remote Sensing Analyst", "archetypes": ["Thinker", "Creator"], "subdims": ["Systems Thinking", "Investigative Curiosity", "Hands-On Engagement"] },
      { "title": "Environmental AI Modeler", "archetypes": ["Thinker", "Visionary"], "subdims": ["Systems Thinking", "Investigative Curiosity", "Autonomy & Control"] },
      { "title": "Biodiversity Data Scientist", "archetypes": ["Thinker", "Explorer"], "subdims": ["Investigative Curiosity", "Hands-On Engagement", "Purpose & Impact"] },
      { "title": "Sustainable Land Use Planner", "archetypes": ["Organizer", "Visionary"], "subdims": ["Structure & Clarity Preference", "Purpose & Impact", "Order & Systems Orientation"] },
      { "title": "Carbon Projects Coordinator", "archetypes": ["Organizer", "Connector"], "subdims": ["Order & Systems Orientation", "Belonging & Connection", "Purpose & Impact"] },
      { "title": "Env. Risk & Resilience Analyst", "archetypes": ["Thinker", "Organizer"], "subdims": ["Security & Predictability", "Systems Thinking", "Order & Systems Orientation"] },
      { "title": "Circular Materials Researcher", "archetypes": ["Thinker", "Creator"], "subdims": ["Investigative Curiosity", "Creative Expression", "Hands-On Engagement"] }
    ]
  },
  {
    "fit_area": "Law & Compliance",
    "classic": [
      { "title": "Paralegal (Commercial)", "archetypes": ["Organizer", "Thinker"], "subdims": ["Structure & Clarity Preference", "Task Focus & Detail", "Order & Systems Orientation"] },
      { "title": "Paralegal (Criminal/Civil)", "archetypes": ["Organizer", "Connector"], "subdims": ["Structure & Clarity Preference", "Helping Orientation", "Task Focus & Detail"] },
      { "title": "Compliance Assistant", "archetypes": ["Organizer", "Thinker"], "subdims": ["Security & Predictability", "Structure & Clarity Preference", "Order & Systems Orientation"] },
      { "title": "Legal Operations Assistant", "archetypes": ["Organizer", "Achiever"], "subdims": ["Order & Systems Orientation", "Task Focus & Detail", "Pace & Intensity Preference"] },
      { "title": "Contracts Administrator", "archetypes": ["Organizer", "Thinker"], "subdims": ["Structure & Clarity Preference", "Task Focus & Detail", "Communication"] },
      { "title": "Regulatory Affairs Assistant", "archetypes": ["Organizer", "Thinker"], "subdims": ["Security & Predictability", "Structure & Clarity Preference", "Task Focus & Detail"] },
      { "title": "eDiscovery Technician", "archetypes": ["Thinker", "Organizer"], "subdims": ["Investigative Curiosity", "Task Focus & Detail", "Order & Systems Orientation"] },
      { "title": "Company Secretarial Assistant", "archetypes": ["Organizer", "Thinker"], "subdims": ["Structure & Clarity Preference", "Order & Systems Orientation", "Security & Predictability"] }
    ],
    "emerging": [
      { "title": "Legal Technologist", "archetypes": ["Thinker", "Creator"], "subdims": ["Systems Thinking", "Hands-On Engagement", "Investigative Curiosity"] },
      { "title": "RegTech Analyst", "archetypes": ["Organizer", "Thinker"], "subdims": ["Security & Predictability", "Order & Systems Orientation", "Task Focus & Detail"] },
      { "title": "Privacy & Data Protection Analyst", "archetypes": ["Organizer", "Thinker"], "subdims": ["Security & Predictability", "Structure & Clarity Preference", "Order & Systems Orientation"] },
      { "title": "Contract Automation Specialist", "archetypes": ["Organizer", "Creator"], "subdims": ["Order & Systems Orientation", "Hands-On Engagement", "Task Focus & Detail"] },
      { "title": "Legal Operations Analyst", "archetypes": ["Organizer", "Achiever"], "subdims": ["Order & Systems Orientation", "Structure & Clarity Preference", "Pace & Intensity Preference"] },
      { "title": "AI in Law Specialist", "archetypes": ["Visionary", "Thinker"], "subdims": ["Systems Thinking", "Purpose & Impact", "Investigative Curiosity"] },
      { "title": "Compliance Data Analyst", "archetypes": ["Thinker", "Organizer"], "subdims": ["Investigative Curiosity", "Order & Systems Orientation", "Task Focus & Detail"] },
      { "title": "Ethics & Governance Associate", "archetypes": ["Visionary", "Organizer"], "subdims": ["Purpose & Impact", "Security & Predictability", "Structure & Clarity Preference"] }
    ]
  },
  {
    "fit_area": "Media, Content & Creative Industries",
    "classic": [
      { "title": "Content Producer", "archetypes": ["Creator", "Connector"], "subdims": ["Creative Expression", "Communication", "Recognition & Visibility"] },
      { "title": "Video Editor", "archetypes": ["Creator"], "subdims": ["Creative Expression", "Task Focus & Detail", "Hands-On Engagement"] },
      { "title": "Graphic Designer", "archetypes": ["Creator"], "subdims": ["Creative Expression", "Task Focus & Detail", "Recognition & Visibility"] },
      { "title": "Audio Producer", "archetypes": ["Creator"], "subdims": ["Creative Expression", "Hands-On Engagement", "Task Focus & Detail"] },
      { "title": "Photographer Assistant", "archetypes": ["Creator", "Explorer"], "subdims": ["Hands-On Engagement", "Creative Expression", "Novelty & Variety Seeking"] },
      { "title": "Social Media Producer", "archetypes": ["Creator", "Connector"], "subdims": ["Creative Expression", "Recognition & Visibility", "Extraversion/Sociability"] },
      { "title": "Production Assistant (Film/TV)", "archetypes": ["Organizer", "Creator"], "subdims": ["Order & Systems Orientation", "Pace & Intensity Preference", "Hands-On Engagement"] },
      { "title": "Copywriter (Junior)", "archetypes": ["Creator"], "subdims": ["Creative Expression", "Communication", "Task Focus & Detail"] }
    ],
    "emerging": [
      { "title": "Creator Partnerships Manager", "archetypes": ["Connector", "Achiever"], "subdims": ["Extraversion/Sociability", "Recognition & Visibility", "Communication"] },
      { "title": "Podcast Producer", "archetypes": ["Creator"], "subdims": ["Creative Expression", "Hands-On Engagement", "Task Focus & Detail"] },
      { "title": "Motion Graphics Designer", "archetypes": ["Creator"], "subdims": ["Creative Expression", "Hands-On Engagement", "Task Focus & Detail"] },
      { "title": "XR/Immersive Content Designer", "archetypes": ["Creator", "Explorer"], "subdims": ["Creative Expression", "Hands-On Engagement", "Novelty & Variety Seeking"] },
      { "title": "Content Data Analyst", "archetypes": ["Thinker", "Creator"], "subdims": ["Investigative Curiosity", "Task Focus & Detail", "Creative Expression"] },
      { "title": "Community Content Lead", "archetypes": ["Connector", "Creator"], "subdims": ["Belonging & Connection", "Communication", "Creative Expression"] },
      { "title": "Brand Partnerships Producer", "archetypes": ["Connector", "Achiever"], "subdims": ["Extraversion/Sociability", "Recognition & Visibility", "Communication"] },
      { "title": "AI Content Workflow Designer", "archetypes": ["Creator", "Thinker"], "subdims": ["Creative Expression", "Systems Thinking", "Hands-On Engagement"] }
    ]
  },
  {
    "fit_area": "Product/Industrial Design",
    "classic": [
      { "title": "Industrial Designer (Junior)", "archetypes": ["Creator", "Thinker"], "subdims": ["Creative Expression", "Hands-On Engagement", "Systems Thinking"] },
      { "title": "Design Engineer (Junior)", "archetypes": ["Thinker", "Creator"], "subdims": ["Systems Thinking", "Hands-On Engagement", "Task Focus & Detail"] },
      { "title": "CAD Technician", "archetypes": ["Organizer", "Creator"], "subdims": ["Order & Systems Orientation", "Task Focus & Detail", "Hands-On Engagement"] },
      { "title": "Prototype Technician", "archetypes": ["Explorer", "Creator"], "subdims": ["Hands-On Engagement", "Novelty & Variety Seeking", "Task Focus & Detail"] },
      { "title": "Design Research Assistant", "archetypes": ["Thinker", "Creator"], "subdims": ["Investigative Curiosity", "Creative Expression", "Communication"] },
      { "title": "Manufacturing Designer (Junior)", "archetypes": ["Organizer", "Creator"], "subdims": ["Order & Systems Orientation", "Hands-On Engagement", "Task Focus & Detail"] },
      { "title": "Model Maker", "archetypes": ["Creator", "Explorer"], "subdims": ["Hands-On Engagement", "Creative Expression", "Task Focus & Detail"] },
      { "title": "Packaging Designer (Junior)", "archetypes": ["Creator"], "subdims": ["Creative Expression", "Task Focus & Detail", "Recognition & Visibility"] }
    ],
    "emerging": [
      { "title": "UX for Physical Products", "archetypes": ["Creator", "Thinker"], "subdims": ["Creative Expression", "Systems Thinking", "Helping Orientation"] },
      { "title": "Design for Additive Manufacturing Specialist", "archetypes": ["Creator", "Thinker"], "subdims": ["Hands-On Engagement", "Systems Thinking", "Task Focus & Detail"] },
      { "title": "Sustainable Materials Designer", "archetypes": ["Creator", "Visionary"], "subdims": ["Creative Expression", "Purpose & Impact", "Hands-On Engagement"] },
      { "title": "Smart/Connected Product Designer", "archetypes": ["Creator", "Thinker"], "subdims": ["Systems Thinking", "Hands-On Engagement", "Creative Expression"] },
      { "title": "Product Lifecycle Analyst (PLM)", "archetypes": ["Organizer", "Thinker"], "subdims": ["Order & Systems Orientation", "Structure & Clarity Preference", "Task Focus & Detail"] },
      { "title": "Human Factors Engineer", "archetypes": ["Thinker", "Connector"], "subdims": ["Investigative Curiosity", "Helping Orientation", "Communication"] },
      { "title": "Industrial AR Prototype Designer", "archetypes": ["Creator", "Explorer"], "subdims": ["Creative Expression", "Hands-On Engagement", "Novelty & Variety Seeking"] },
      { "title": "Circular Design Strategist", "archetypes": ["Visionary", "Creator"], "subdims": ["Purpose & Impact", "Creative Expression", "Systems Thinking"] }
    ]
  }
]
