[
  { "title": "Analytical problem-solving", "archetypes": ["Thinker"], "subdims": ["Investigative Curiosity", "Systems Thinking", "Task Focus & Detail"] },
  { "title": "Big-picture vision", "archetypes": ["Visionary"], "subdims": ["Systems Thinking", "Purpose & Impact", "Autonomy & Control"] },
  { "title": "Drive for results", "archetypes": ["Achiever"], "subdims": ["Pace & Intensity Preference", "Recognition & Visibility", "Task Focus & Detail"] },
  { "title": "Empathy & rapport-building", "archetypes": ["Connector"], "subdims": ["Helping Orientation", "Belonging & Connection", "Communication"] },
  { "title": "Creative ideation", "archetypes": ["Creator"], "subdims": ["Creative Expression", "Novelty & Variety Seeking", "Autonomy & Control"] },
  { "title": "Order & reliability", "archetypes": ["Organizer"], "subdims": ["Order & Systems Orientation", "Structure & Clarity Preference", "Security & Predictability"] },
  { "title": "Curiosity & exploration", "archetypes": ["Explorer"], "subdims": ["Novelty & Variety Seeking", "Hands-On Engagement", "Risk Tolerance"] },
  { "title": "Structured planning", "archetypes": ["Organizer", "Achiever"], "subdims": ["Structure & Clarity Preference", "Order & Systems Orientation", "Task Focus & Detail"] },
  { "title": "Insight synthesis", "archetypes": ["Thinker", "Visionary"], "subdims": ["Systems Thinking", "Investigative Curiosity", "Purpose & Impact"] },
  { "title": "Stakeholder communication", "archetypes": ["Connector", "Achiever"], "subdims": ["Communication", "Recognition & Visibility", "Extraversion/Sociability"] },
  { "title": "Rapid learning", "archetypes": ["Explorer", "Thinker"], "subdims": ["Novelty & Variety Seeking", "Investigative Curiosity", "Autonomy & Control"] },
  { "title": "Craft & making", "archetypes": ["Creator", "Explorer"], "subdims": ["Hands-On Engagement", "Creative Expression", "Task Focus & Detail"] },
  { "title": "Quality & compliance focus", "archetypes": ["Organizer", "Thinker"], "subdims": ["Security & Predictability", "Structure & Clarity Preference", "Order & Systems Orientation"] },
  { "title": "Customer empathy", "archetypes": ["Connector", "Creator"], "subdims": ["Helping Orientation", "Communication", "Creative Expression"] },
  { "title": "Strategic prioritisation", "archetypes": ["Achiever", "Visionary"], "subdims": ["Pace & Intensity Preference", "Systems Thinking", "Purpose & Impact"] },
  { "title": "Team facilitation", "archetypes": ["Connector", "Achiever"], "subdims": ["Belonging & Connection", "Communication", "Recognition & Visibility"] },
  { "title": "Evidence-led decisions", "archetypes": ["Thinker", "Organizer"], "subdims": ["Investigative Curiosity", "Order & Systems Orientation", "Structure & Clarity Preference"] },
  { "title": "Resilience under pressure", "archetypes": ["Achiever", "Organizer"], "subdims": ["Security & Predictability", "Pace & Intensity Preference", "Structure & Clarity Preference"] },
  { "title": "Opportunity spotting", "archetypes": ["Visionary", "Explorer"], "subdims": ["Novelty & Variety Seeking", "Systems Thinking", "Autonomy & Control"] },
  { "title": "Design sense", "archetypes": ["Creator"], "subdims": ["Creative Expression", "Task Focus & Detail", "Recognition & Visibility"] },
  { "title": "Process optimisation", "archetypes": ["Organizer", "Thinker"], "subdims": ["Order & Systems Orientation", "Systems Thinking", "Task Focus & Detail"] },
  { "title": "Purpose-driven mindset", "archetypes": ["Visionary", "Connector"], "subdims": ["Purpose & Impact", "Belonging & Connection", "Helping Orientation"] },
  { "title": "Independent working", "archetypes": ["Thinker", "Creator"], "subdims": ["Autonomy & Control", "Structure & Clarity Preference", "Task Focus & Detail"] },
  { "title": "Relationship building", "archetypes": ["Connector"], "subdims": ["Belonging & Connection", "Extraversion/Sociability", "Communication"] },
  { "title": "Entrepreneurial initiative", "archetypes": ["Visionary", "Achiever", "Explorer"], "subdims": ["Risk Tolerance", "Autonomy & Control", "Pace & Intensity Preference"] },
  { "title": "Detail accuracy", "archetypes": ["Organizer", "Thinker"], "subdims": ["Task Focus & Detail", "Structure & Clarity Preference", "Order & Systems Orientation"] },
  { "title": "Collaborative creativity", "archetypes": ["Creator", "Connector"], "subdims": ["Creative Expression", "Belonging & Connection", "Communication"] },
  { "title": "Ethics & responsibility", "archetypes": ["Visionary", "Organizer"], "subdims": ["Purpose & Impact", "Security & Predictability", "Structure & Clarity Preference"] },
  { "title": "Field adaptability", "archetypes": ["Explorer"], "subdims": ["Novelty & Variety Seeking", "Hands-On Engagement", "Risk Tolerance"] },
  { "title": "Narrative framing", "archetypes": ["Creator", "Visionary"], "subdims": ["Creative Expression", "Communication", "Recognition & Visibility"] }
]
