[
  { "title": "Business & Management Studies", "archetypes": ["Achiever", "Organizer", "Visionary"] },
  { "title": "Computer Science", "archetypes": ["Thinker", "Creator", "Explorer"] },
  { "title": "Engineering & Technology", "archetypes": ["Thinker", "Organizer", "Explorer"] },
  { "title": "Mathematics & Statistics", "archetypes": ["Thinker", "Organizer"] },
  { "title": "Economics", "archetypes": ["Thinker", "Achiever", "Visionary"] },
  { "title": "Law", "archetypes": ["Organizer", "Thinker", "Achiever"] },
  { "title": "Psychology", "archetypes": ["Connector", "Thinker"] },
  { "title": "Medicine & Health", "archetypes": ["Connector", "Organizer", "Achiever"] },
  { "title": "Environmental & Earth Sciences", "archetypes": ["Explorer", "Thinker", "Visionary"] },
  { "title": "Architecture, Building & Planning", "archetypes": ["Creator", "Organizer", "Visionary"] },
  { "title": "Creative Arts & Design", "archetypes": ["Creator", "Explorer"] },
  { "title": "Communications, Media & Journalism", "archetypes": ["Connector", "Creator", "Visionary"] }
]


