[
  {"title":"Business Management","archetypes":["Achiever","Organizer"]},
  {"title":"Accounting & Finance","archetypes":["Organizer","Thinker"]},
  {"title":"Marketing","archetypes":["Connector","Creator","Achiever"]},
  {"title":"Entrepreneurship","archetypes":["Visionary","Achiever","Explorer"]},
  {"title":"Operations & Supply Chain","archetypes":["Organizer","Thinker"]},

  {"title":"Computer Science","archetypes":["Thinker","Creator"]},
  {"title":"Software Engineering","archetypes":["Thinker","Organizer"]},

  {"title":"Mechanical Engineering","archetypes":["Thinker","Organizer","Explorer"]},
  {"title":"Electrical & Electronic Engineering","archetypes":["Thinker","Creator","Organizer"]},
  {"title":"Civil Engineering","archetypes":["Organizer","Thinker","Achiever"]},
  {"title":"Chemical Engineering","archetypes":["Thinker","Organizer"]},
  {"title":"Mechatronics & Robotics","archetypes":["Thinker","Creator"]},

  {"title":"Mathematics","archetypes":["Thinker"]},
  {"title":"Statistics","archetypes":["Thinker","Organizer"]},
  {"title":"Actuarial Science","archetypes":["Thinker","Organizer"]},
  {"title":"Data Analytics","archetypes":["Thinker","Organizer"]},

  {"title":"Economics","archetypes":["Thinker","Achiever"]},
  {"title":"Econometrics","archetypes":["Thinker","Organizer"]},
  {"title":"Finance & Economics","archetypes":["Achiever","Thinker"]},

  {"title":"Law (LLB)","archetypes":["Organizer","Thinker"]},
  {"title":"Law with Business","archetypes":["Organizer","Achiever"]},
  {"title":"Criminology & Criminal Justice","archetypes":["Thinker","Connector"]},

  {"title":"Psychology (BPS-accredited)","archetypes":["Connector","Thinker"]},
  {"title":"Forensic Psychology","archetypes":["Thinker","Connector"]},
  {"title":"Business/Organisational Psychology","archetypes":["Connector","Achiever"]},

  {"title":"Medicine (MBBS/MBChB)","archetypes":["Achiever","Connector","Thinker"]},
  {"title":"Nursing","archetypes":["Connector","Organizer"]},
  {"title":"Pharmacy","archetypes":["Organizer","Thinker"]},
  {"title":"Physiotherapy","archetypes":["Connector","Explorer"]},
  {"title":"Public Health (BSc)","archetypes":["Connector","Thinker","Visionary"]},

  {"title":"Biology","archetypes":["Thinker","Explorer"]},
  {"title":"Biotechnology","archetypes":["Thinker","Creator"]},
  {"title":"Genetics","archetypes":["Thinker"]},
  {"title":"Microbiology","archetypes":["Thinker","Organizer"]},

  {"title":"Physics","archetypes":["Thinker"]},
  {"title":"Chemistry","archetypes":["Thinker","Organizer"]},
  {"title":"Astrophysics","archetypes":["Thinker","Visionary"]},
  {"title":"Materials Science","archetypes":["Thinker","Organizer"]},

  {"title":"Environmental Science","archetypes":["Explorer","Thinker","Visionary"]},
  {"title":"Geology","archetypes":["Explorer","Thinker"]},
  {"title":"Climate Science","archetypes":["Thinker","Visionary"]},
  {"title":"Physical Geography","archetypes":["Explorer","Thinker"]},

  {"title":"Architecture","archetypes":["Creator","Visionary","Organizer"]},
  {"title":"Urban Planning","archetypes":["Organizer","Visionary"]},
  {"title":"Construction Management","archetypes":["Organizer","Achiever"]},
  {"title":"Quantity Surveying","archetypes":["Organizer","Thinker"]},

  {"title":"Graphic Design","archetypes":["Creator"]},
  {"title":"Product/Industrial Design","archetypes":["Creator","Thinker"]},
  {"title":"Animation & Motion Design","archetypes":["Creator"]},
  {"title":"Film Production","archetypes":["Creator","Connector"]},

  {"title":"Journalism","archetypes":["Connector","Thinker"]},
  {"title":"Media & Communications","archetypes":["Connector","Creator"]},
  {"title":"Public Relations","archetypes":["Connector","Achiever"]},
  {"title":"Advertising & Brand Communications","archetypes":["Creator","Achiever"]},

  {"title":"Politics","archetypes":["Thinker","Visionary"]},
  {"title":"International Relations","archetypes":["Thinker","Connector","Visionary"]},
  {"title":"Sociology","archetypes":["Connector","Thinker"]},
  {"title":"Social Policy","archetypes":["Connector","Organizer"]},

  {"title":"Education Studies","archetypes":["Connector","Visionary"]},
  {"title":"Primary Education (with QTS)","archetypes":["Connector","Organizer"]},
  {"title":"TESOL/Applied Linguistics","archetypes":["Connector","Thinker"]},

  {"title":"Modern Languages","archetypes":["Connector","Thinker"]},
  {"title":"English Language & Linguistics","archetypes":["Thinker"]},
  {"title":"Translation & Interpreting","archetypes":["Connector","Thinker"]},

  {"title":"History","archetypes":["Thinker"]},
  {"title":"Philosophy","archetypes":["Thinker","Visionary"]},
  {"title":"Theology & Religious Studies","archetypes":["Connector","Thinker"]},
  {"title":"Archaeology","archetypes":["Explorer","Thinker"]},

  {"title":"Agriculture","archetypes":["Explorer","Organizer"]},
  {"title":"Animal Science","archetypes":["Explorer","Thinker"]},
  {"title":"Food Science & Technology","archetypes":["Thinker","Organizer"]},
  {"title":"Veterinary Medicine/Science","archetypes":["Achiever","Connector","Organizer"]},

  {"title":"Sport & Exercise Science","archetypes":["Achiever","Explorer"]},
  {"title":"Sports Coaching","archetypes":["Connector","Achiever"]},
  {"title":"Sports Management","archetypes":["Achiever","Connector"]},
  {"title":"Physiology & Nutrition","archetypes":["Thinker","Achiever"]}
]



